index,feature_extraction,segmentation,clustering,classification,neural_networks,reinforcement_learning,generative_adversarial_networks,anomaly_detection,dimensionality_reduction,data_visualization,energy_simulation,optimization,multi-objective_optimization,measurement,validation,data_collection,statistical_analysis,factor_analysis,regression,correlation
design-stage,0.1272834837436676,0.1046755313873291,0.0579395517706871,0.08222509175539018,0.15152561664581302,0.06550963222980499,0.10377353429794313,0.09490716457366943,0.09571169316768646,0.2276346981525421,0.4064726233482361,0.30808115005493164,0.2855745255947113,0.08415599912405014,0.19197668135166168,0.1044437289237976,0.1325317770242691,0.15093664824962616,0.14797601103782654,0.1113855317234993
construction_stage,0.06373792886734009,0.06891480088233948,0.0632157251238823,,,,,0.06374336034059525,,0.2017124593257904,0.15824005007743835,0.16111871600151062,0.10724980384111404,0.07708635926246643,0.12350097298622133,0.17746172845363614,,,0.057686135172843926,0.050982624292373664
building_commissioning,0.1741422712802887,0.09115725010633467,0.1344691514968872,0.1691664606332779,0.056109972298145294,0.17744308710098267,0.1217062845826149,0.10775337368249893,0.08848422765731813,0.09912222623825072,0.2319122850894928,0.2582151889801025,0.07249021530151367,0.2538886368274689,0.2803698182106018,0.3055512011051178,0.1111912652850151,,0.09315495193004608,
operation_and_maintenance,0.1671818494796753,0.08882994949817657,0.19025519490242004,0.31181079149246216,0.1674702763557434,0.22675740718841556,,0.18078972399234766,0.05626237764954567,0.206771656870842,0.4101971685886383,0.5298213958740234,0.25916123390197754,0.328996479511261,0.34819817543029785,0.3421808481216431,0.2714741826057434,,0.21079695224761966,0.26061904430389404
building_retrofit,0.13013052940368652,0.10156841576099396,,,0.15793809294700625,0.1349184662103653,,0.09776456654071808,0.08229339122772218,0.16459429264068606,0.3540917038917541,0.3259301781654358,0.4074973464012146,,0.11953353881835938,0.14166828989982605,0.15715888142585754,,0.09093146026134492,
